{"attack_accuracy_mean": 0.03076923076923077, "_timestamp": 1725371345.236937, "_runtime": 29.04811716079712, "_step": 0, "_wandb": {"runtime": 28}}