{"attack_accuracy_mean": 0.015384615384615385, "_timestamp": 1725371181.430908, "_runtime": 31.859507083892822, "_step": 0, "_wandb": {"runtime": 31}}