{"attack_accuracy_mean": 0.0, "_timestamp": 1725371307.9993906, "_runtime": 30.756166696548462, "_step": 0, "_wandb": {"runtime": 30}}